authFullName_s,producedDate_s,journalTitle_s,conferenceTitle_s,conferenceStartDate_s
"Steffen Grünewälder,Jean-Yves Audibert,Manfred Opper,John Shawe-Taylor",2010-05-13,,AISTATS 2010 - Thirteenth International Conference on Artificial Intelligence and Statistics,2010-05-13
"Hachem Kadri,Emmanuel Duflos,Philippe Preux,Stephane Canu,Manuel Davy",2010,,Thirteenth International Conference on Artificial Intelligence and Statistics (AISTATS'10),2010
"Leonor Becerra-Bonache,Elisa Fromont,Amaury Habrard,Michael Perrot,Marc Sebban",2012-09-05,,International Conference on Grammatical Inference,2012-09-05
"Nils Murrugarra-Llerena,Adriana Kovashka",2019-06-09,,LatinX in AI research workshop. International Conference on Machine Learning (ICML).,2019-06-09
"Pierre Geurts,Louis Wehenkel,Florence d'Alché-Buc",2007,,Proceedings of the 24th Annual International Conference on Machine Learning (ICML 2007),2007
"Céline Brouard,Florence d'Alché-Buc,Marie Szafranski",2011-06-28,,28th International Conference on Machine Learning (ICML 2011),2011-06-28
Liva Ralaivola,2012-12-03,,"Neural Information Processing Systems, NIPS 2012",2012-12-03
"Pablo Rivas,Pamela Harper,John Cary,William Brown",2019-06-10,,LatinX in AI Research at ICML 2019,2019-06-10
"Francois Denis,Mattias Gybels,Amaury Habrard",2014-06-21,,The International Conference on Machine Learning (ICML),2014-06-21
"Hernan Lira,Luis Martí,Nayat Sanchez-Pi",2021-05-07,,AI: Modeling Oceans and Climate Change Workshop at ICLR 2021,2021-05-07
"Xavier Fontaine,Quentin Berthet,Vianney Perchet",2019-04,,The 22nd International Conference on Artificial Intelligence and Statistics (AISTATS) 2019,2019-04
"Giovanni Neglia,Chuan Xu,Don Towsley,Gianmarco Calbi",2020-08-26,,AISTATS 2020 - 23rd International Conference on Artificial Intelligence and Statistics,2020-08-26
"Fabien Lotte,Cuntai Guan",2009-12-10,,Assistive Machine Learning for People with Disabilities symposium (NIPS'09 Symposium),2009-12-10
"M. Pawan Kumar,Vladimir Kolmogorov,Philip Torr",2009,JMLR,,
"Sergio Escalera,Vassilis Athitsos,Isabelle Guyon",2016,Journal of Machine Learning Research,,
"Nathan de Lara,Thomas Bonald",2020,,ICLR,2020
"Taco de Wolff,Hugo Carrillo,Luis Martí,Nayat Sanchez-Pi",2021-05-07,,AI: Modeling Oceans and Climate Change Workshop at ICLR 2021,2021-05-07
"Alex Nowak-Vila,Alessandro Rudi,Francis Bach",2022-03-28,,AISTATS,2022-03-28
"Kuan Liu,Aurélien Bellet,Fei Sha",2015-05-09,,International Conference on Artificial Intelligence and Statistics (AISTATS 2015),2015-05-09
"Liva Ralaivola,Marie Szafranski,Guillaume Stempfel",2007-04-16,,AISTATS 2009,2007-04-16
"Gilles Blanchard,Clayton Scott",2014,,Seventeenth International Conference on Artificial Intelligence and Statistics (AISTATS 2014),2014
Fabien Lauer,2020,,23rd International Conference on Artificial Intelligence and Statistics (AISTATS),2020
"Kevin Miller,M. Pawan Kumar,Ben Packer,Danny Goodman,Daphne Koller",2012-04-21,,AISTATS,2012-04-21
"Francis Bach,Simon Lacoste-Julien,Guillaume Obozinski",2012-06,,ICML 2012 International Conference on Machine Learning,2012-06
"Olivier Nicol,Jérémie Mary,Philippe Preux",2011-07-02,Journal of Machine Learning Research,Proceedings of the Workshop on On-line Trading of Exploration and Exploitation 2,2011-07-02
"Romain Hérault,Yves Grandvalet",2007-06-20,,ICML '07: Proceedings of the 24th international conference on Machine learning,2007-06-20
"Mohamed El Amine Seddik,Cosme Louart,Mohamed Tamaazousti,Romain Couillet",2020,,ICML 2020 : Thirty-seventh International Conference on Machine Learning,2020
Hiram Ponce,2019-06-09,,LatinX in AI Research at ICML 2019,2019-06-09
"Sven Kurras,Ulrike von Luxburg,Gilles Blanchard",2014,,31st International Conference on Machine Learning (ICML 2014),2014
"David Silver,Guy Lever,Nicolas Heess,Thomas Degris,Daan Wierstra,Martin Riedmiller",2014-06-21,,ICML,2014-06-21
"David Buffoni,Clément Calauzènes,Patrick Gallinari,Nicolas Usunier",2011-06-28,,The 28th International Conference on Machine Learning (ICML 2011),2011-06-28
"Antoine Bordes,Léon Bottou,Patrick Gallinari,Jason Weston",2007-06-20,,ICML 2007 - 24th International Conference on Machine Learning,2007-06-20
"Joelle Pineau,Philippe Vincent-Lamarre,Koustuv Sinha,Vincent Larivière,Alina Beygelzimer,Florence d'Alché-Buc,Emily Fox,Hugo Larochelle",2021-08,Journal of Machine Learning Research,,
"Vivien Cabannes,Loucas Pillaud-Vivien,Francis Bach,Alessandro Rudi",2021-12-06,,NeurIPS 2021 -  Thirty-fifth conference on Neural Information Processing Systems (NeurIPS),2021-12-06
"Abhishek Sharma,Maks Ovsjanikov",2020-12-07,,Neurips 2020,2020-12-07
"Pedro Luiz Coelho Rodrigues,Alexandre Gramfort",2020-12-06,,Workshop on Machine Learning and the Physical Sciences at the 34th conference on NeurIPS,2020-12-06
"Sofian Audry,Rosalie Dumont-Gagné,Hugo Scurto",2020-12-06,,4th NeurIPS Workshop on Machine Learning for Creativity and Design,2020-12-06
"Vincent Ballet,† Xavier,Jonathan Aigrain,Thibault Laugel,Pascal Frossard,Marcin Detyniecki",2019-12-13,,"NeurIPS 2019 Workshop on Robust AI in Financial Services: Data, Fairness, Explainability, Trustworthiness and Privacy (Robust AI in FS 2019)",2019-12-13
Francis Bach,2011,,Neural Information Processing Systems (NIPS),2011
"Thomas Bonald,Alexandre Proutière",2013-12-05,,NIPS 2013 - Neural Information Processing Systems Conference,2013-12-05
"Etienne Boursier,Vianney Perchet",2019-12-08,NIPS Proceedings,,
"Jakob Verbeek,Sam Roweis,Nikos Vlassis",2003-12-08,,Seventeenth Annual Conference on Neural Information Processing Systems (NIPS '03),2003-12-08
"Rémy Degenne,Vianney Perchet",2016-12-05,,NIPS 2016 (Conference on Neural Information Processing Systems),2016-12-05
"Valentina Zantedeschi,Rémi Emonet,Marc Sebban",2016-12-05,,NIPS 2016,2016-12-05
"Guillaume Rabusseau,Hachem Kadri",2016-12-05,,NIPS,2016-12-05
"Edouard Klein,Matthieu Geist,Bilal Piot,Olivier Pietquin",2012-12-03,,NIPS 2012,2012-12-03
"Vernon Austel,Sanjeeb Dash,Oktay Gunluk,Lior Horesh,Leo Liberti,Giacomo Nannicini,Baruch Schieber",2017,,"Interpretable ML, satellite workshop of NIPS 2017",2017
"Sylvain Gelly,Olivier Teytaud",2006-12-09,,NIPS Workshop on Machine Learning Open Source Software,2006-12-09
"Wittawat Jitkrittum,Zoltán Szabó,Arthur Gretton",2017-08-06,,International Conference on Machine Learning (ICML),2017-08-06
"Xuhong Li,Yves Grandvalet,Franck Davoine",2018-07-10,,35th International Conference on Machine Learning (ICML 2018),2018-07-10
"Eloi Zablocki,Patrick Bordes,Benjamin Piwowarski,Laure Soulier,Patrick Gallinari",2019-06-09,,Thirty-sixth International Conference on Machine Learning (ICML),2019-06-09
"Raphael Puget,Nicolas Baskiotis,Patrick Gallinari",2015-07-06,,Extreme Classification Workshop at ICML,2015-07-06
"M. Pawan Kumar,Ben Packer,Daphne Koller",2012-06-26,,ICML,2012-06-26
"Edouard Pineau,Sébastien Razakarivony,Thomas Bonald",2020,,"ICML Workshop on Invertible Neural Networks, Normalizing Flows, and Explicit Likelihood Models",2020
"Marin Toromanoff,Emilie Wirbel,Fabien Moutarde",2019-12-14,,Deep Reinforcement Learning Workshop of 39th Conference on Neural Information Processing Systems (Neurips'2019),2019-12-14
"Othmane Marfoq,Chuan Xu,Giovanni Neglia,Richard Vidal",2020-12-06,,NeurIPS 2020 - 34th Conference on Neural Information Processing Systems,2020-12-06
"Abdulkadir Çelikkanat,Fragkiskos Malliaros",2019-12-08,,NeurIPS 2019 - 33th Annual Conference on Neural Information Processing Systems - Workshop on Graph Representation Learning,2019-12-08
"Abdulkadir Çelikkanat,Fragkiskos Malliaros",2018-12-08,,"32nd Conference on Neural Information Processing Systems (NeurIPS 2018), Relational Representation Learning Workshop",2018-12-08
"Sarath Yasodharan,Patrick Loiseau",2019-12-08,,NeurIPS 2019 - Thirty-third Conference on Neural Information Processing Systems,2019-12-08
"Kwangho Kim,Jisu Kim,Manzil Zaheer,Joon Kim,Frédéric Chazal,Larry Wasserman",2020-12-06,,NeurIPS 2020 - 34th Conference on Neural Information Processing Systems,2020-12-06
"Pierre-Cyril Aubin-Frankowski,Zoltán Szabó",2020-12-06,,Advances in Neural Information Processing Systems (NeurIPS-2020),2020-12-06
"Jérôme-Alexis Chevalier,Alexandre Gramfort,Joseph Salmon,Bertrand Thirion",2020-12-06,,NeurIPS 2020 - 34h Conference on Neural Information Processing Systems,2020-12-06
"Guillaume Charpiat,Nicolas Girard,Loris Felardos,Yuliya Tarabalka",2019-12-08,,NeurIPS 2019 - 33th Annual Conference on Neural Information Processing Systems,2019-12-08
"Pavol Mulinka,Sarah Wassermann,Gonzalo Marín,Pedro Casas",2018-12-07,,Continual Learning Workshop at NeurIPS 2018,2018-12-07
Hédi Hadiji,2019-12-08,,NeurIPS 2019 - Thirty-third Conference on Neural Information Processing Systems,2019-12-08
"Hugo Scurto,Baptiste Caramiaux,Thomas Similowski,Samuel Bianchini",2021-12-14,,5th NeurIPS Workshop on Machine Learning for Creativity and Design,2021-12-14
"Martin Simonovsky,Nikos Komodakis",2018-04-30,,ICLR 2018 Workshop track (Sixth International Conference on Learning Representations),2018-04-30
"Nathan Grinsztajn,Philippe Preux,Edouard Oyallon",2021-05-07,,ICLR 2021 Workshop GTRL,2021-05-07
"Alexandre Péré,Sébastien Forestier,Olivier Sigaud,Pierre-Yves Oudeyer",2018-04-30,,ICLR2018 - 6th International Conference on Learning Representations,2018-04-30
"Chris Reinke,Mayalen Etcheverry,Pierre-Yves Oudeyer",2020-04-26,,International Conference on Learning Representations (ICLR),2020-04-26
"Mayalen Etcheverry,Pierre-Yves Oudeyer,Chris Reinke",2021-04-27,,ICLR 2020 workshop: Beyond tabula rasa in Reinforcement Learning,2021-04-27
"Arthur da Cunha,Emanuele Natale,Laurent Viennot",2022-04-25,,ICLR 2022 - 10th International Conference on Learning Representations,2022-04-25
"Zhenyu Liao,Romain Couillet,Michael Mahoney",2021-05-03,,ICLR 2021 - 9th International Conference on Learning Representations,2021-05-03
"Yannis Flet-Berliac,Johan Ferret,Olivier Pietquin,Philippe Preux,Matthieu Geist",2021-05-04,,ICLR 2021 - International Conference on Learning Representations,2021-05-04
"Yannis Flet-Berliac,Reda Ouhamma,Odalric-Ambrym Maillard,Philippe Preux",2021-05-04,,ICLR 2021 - International Conference on Learning Representations,2021-05-04
"Jorge Guevara,Bianca Zadrozny,Alvaro Buoro,John Tolle,Jan Limbeck,Mingqi Wu,Defletf Hohl",2018-12-03,,NIPS 2018 Workshop book,2018-12-03
"Wittawat Jitkrittum,Wenkai Xu,Zoltán Szabó,Kenji Fukumizu,Arthur Gretton",2017-12-04,,"31st Conference on Neural Information Processing Systems (NIPS 2017),",2017-12-04
"Frédéric Chazal,Ilaria Giulini,Bertrand Michel",2016-12,,30th Conference on Neural Information Processing Systems (NIPS 2016),2016-12
"Nicolas Baskiotis,Michèle Sebag,Marie-Claude Gaudel,Sandrine-Dominique Gouraud",2006-12-08,,"On-line Trading of Exploration and Exploitation, NIPS 2006 Workshop",2006-12-08
"Julien Audiffren,Liva Ralaivola",2017-12-04,,"Neural Information Processing Systems, NIPS 2017",2017-12-04
"Manuel Lopes,Tobias Lang,Marc Toussaint,Pierre-Yves Oudeyer",2012-12-03,,Neural Information Processing Systems (NIPS),2012-12-03
M. Pawan Kumar,2014,,NIPS - Advances in Neural Information Processing Systems,2014
"Antoine Bordes,Nicolas Usunier,Alberto Garcia-Duran,Jason Weston,Oksana Yakhnenko",2013-12-05,,Neural Information Processing Systems (NIPS),2013-12-05
"Clément Calauzènes,Nicolas Usunier,Patrick Gallinari",2012-12-03,,Advances in Neural Information Processing Systems 25 (NIPS 2012),2012-12-03
"Mathieu Lagrange,Jennifer Murdoch,George Tzanetakis",2006,,"Neural Information Processing systems (NIPS), workshop on Advances in Models for Acoustic Processing",2006
"Luc Bégin,Pascal Germain,François Laviolette,Jean-Francis Roy",2016-05-09,,International Conference on Artificial Intelligence and Statistics (AISTATS 2016),2016-05-09
"Pierre Gaillard,Olivier Wintenberger",2017-04-01,,20th International Conference on Artificial Intelligence and Statistics (AISTATS),2017-04-01
"Peiyuan Zhang,Antonio Orvieto,Hadi Daneshmand,Thomas Hofmann,Roy Smith",2021-04-13,,AISTATS 2021 - 24th International Conference on Artifi-cial Intelligence and Statistics,2021-04-13
"Nino Vieillard,Bruno Scherrer,Olivier Pietquin,Matthieu Geist",2020-08-01,,AISTATS 2020 - 23rd International Conference on Artificial Intelligence and Statistics,2020-08-01
"Courtney Paquette,Hongzhou Lin,Dmitriy Drusvyatskiy,Julien Mairal,Zaid Harchaoui",2018-04-09,,AISTATS 2018 - 21st International Conference on Artificial Intelligence and Statistics,2018-04-09
"Hannah Marienwald,Jean-Baptiste Fermanian,Gilles Blanchard",2021-04-13,,AISTATS 2021 - 24th International Conference on Artificial Intelligence and Statistics,2021-04-13
"Morgane Goibert,Stéphan Clémençon,Ekhine Irurozki,Pavlo Mozharovskyi",2022-03-28,,25th International Conference on Artificial Intelligence and Statistics AISTATS 2022,2022-03-28
"Rémi Leblond,Fabian Pedregosa,Simon Lacoste-Julien",2017-04-20,,20th International Conference on Artificial Intelligence and Statistics (AISTATS) 2017,2017-04-20
"Emile Richard,Francis Bach,Jean-Philippe Vert",2013-06-16,,ICML 2013 - 30th International Conference on Machine Learning,2013-06-16
"Róbert Busa-Fekete,D. Benbouzid,Balázs Kégl",2012-06-26,,29th International Conference on Machine Learning (ICML 2012),2012-06-26
"Hachem Kadri,Asma Rabaoui,Philippe Preux,Emmanuel Duflos,Alain Rakotomamonjy",2011-06-28,,28th International Conference on Machine Learning (ICML),2011-06-28
Antoine Cornuéjols,1989-06-29,,6th International Workshop on Machine Learning (ICML-89),1989-06-29
"Matthieu Kowalski,Marie Szafranski,Liva Ralaivola",2009-06-14,,International Conference on Machine Learning (ICML 2009),2009-06-14
"Anthony Coutant,Philippe Leray,Hoel Le Capitaine",2013,,Structured Learning: Inferring Graphs from Structured and Unstructured Inputs (SLG 2013) ICML Workshop,2013
"Zhenyu Liao,Romain Couillet",2018-07-10,,ICML 2018 - 35th International Conference on Machine Learning,2018-07-10
"Andrei Kulunchakov,Julien Mairal",2019-06-10,,ICML 2019 - 36th International Conference on Machine Learning,2019-06-10
"M.-L Cauwet,C Couprie,J Dehos,P Luc,J Rapin,M Riviere,Fabien Teytaud,O Teytaud,N Usunier",2020-07-13,,37th International Conference on Machine Learning (ICML),2020-07-13
"Thanh Nguyen,Umut Şimşekli,Gael Richard",2019-06-10,,International Conference on Machine Learning (ICML),2019-06-10
"Cédric Colas,Olivier Sigaud,Pierre-Yves Oudeyer",2018-07-10,,International Conference on Machine Learning (ICML),2018-07-10
"Clément Romac,Rémy Portelas,Katja Hofmann,Pierre-Yves Oudeyer",2021-07-18,,ICML 2021 - Thirty-eighth International Conference on Machine Learning,2021-07-18
"Charles Corbière,Marc Lafon,Nicolas Thome,Matthieu Cord,Patrick Pérez",2021-09-23,,ICML 2021 Workshop on Uncertainty and Robustness in Deep Learning,2021-09-23
"Jean-Yves Franceschi,Edouard Delasalles,Mickaël Chen,Sylvain Lamprier,Patrick Gallinari",2020-07-12,,Thirty-seventh International Conference on Machine Learning,2020-07-12
"Manuel Loth,Manuel Davy,Rémi Coulom,Philippe Preux",2006-06-29,,"Kernel Methods and Reinforcement Learning, workshop of ICML 2006",2006-06-29
Julien Mairal,2013-06-16,,ICML 2013 - International Conference on Machine Learning,2013-06-16
"Romain Couillet,Gilles Wainrib,Hafiz Tiomoko Ali,Harry Sevi",2016-06-19,,International Conference on Machine Learning (ICML 2016),2016-06-19
"Elliot Chane-Sane,Cordelia Schmid,Ivan Laptev",2021-07-18,,ICML 2021 - Thirty-eighth International Conference on Machine Learning,2021-07-18
"Maria Virginia Ruiz Cuevas,Nataliya Sokolovska,Pierre-Henri Wuillemin,Jean-Daniel Zucker",2018-07-15,,ICML / IJCAI / AAMAS FAIM'18 Workshop on CausalML,2018-07-15
"Saumya Sinha,Sophie Giffard-Roisin,Fatima Karbou,Michaël Deschâtres,Anna Karas,Nicolas Eckert,Claire Monteleoni",2019-12-14,,NeurIPS 2019 Workshop : Tackling Climate Change with Machine Learning NeurIPS workshop,2019-12-14
"Francis Bach,Eric Moulines",2013-12,,Neural Information Processing Systems (NIPS),2013-12
"Francis Bach,Eric Moulines",2011,,Neural Information Processing Systems (NIPS),2011
"Stefanie Jegelka,Francis Bach,Suvrit Sra",2013-12-05,,NIPS 2013 - Neural Information Processing Systems,2013-12-05
"Honghao Li,Vincent Cabeli,Nadir Sella,Hervé Isambert",2019-12-08,,33rd Conference on Neural Information Processing Systems (NeurIPS 2019),2019-12-08
"Hadi Daneshmand,Jonas Kohler,Francis Bach,Thomas Hofmann,Aurelien Lucchi",2020-12-06,,NeurIPS 2020 - Thirty-fourth Conference on Neural Information Processing Systems,2020-12-06
"Emilio Jorge,Hannes Eriksson,Christos Dimitrakakis,Debabrota Basu,Divya Grover",2020-12-07,,"""I Can't Believe It's Not Better!"" at NeurIPS Workshops",2020-12-07
"Jesus Bujalance,Raphael Chekroun,Fabien Moutarde",2021-12-13,,'Deep Reinforcement Learning' workshop of the 35th Conference on Neural Information Processing Systems (NeurIPS'2021),2021-12-13
"Mayalen Etcheverry,Clément Moulin-Frier,Pierre-Yves Oudeyer",2020-12-06,,NeurIPS 2020 - 34th Conference on Neural Information Processing Systems,2020-12-06
"Yuan Yin,Ibrahim Ayed,Emmanuel de Bézenac,Nicolas Baskiotis,Patrick Gallinari",2021-12-06,,The Thirty-Fifth Annual Conference on Neural Information Processing Systems (NeurIPS 2021),2021-12-06
"Guillaume Baudart,Martin Hirzel,Kiran Kate,Parikshit Ram,Avraham Shinnar,Jason Tsay",2021-12-06,,NeurIPS 2021 - Thirty-fifth Conference on Neural Information Processing Systems,2021-12-06
"Sarao Mannelli Stefano,Giulio Biroli,Chiara Cammarota,Florent Krzakala,Pierfrancesco Urbani,Lenka Zdeborová",2020-12-06,,2020 Conference on Neural Information Processing Systems - NeurIPS 2020,2020-12-06
"Alberto Bietti,Julien Mairal",2019-12-08,,NeurIPS 2019 - Thirty-third Conference on Neural Information Processing Systems,2019-12-08
"Yonathan Efroni,Gal Dalal,Bruno Scherrer,Shie Mannor",2018-12-02,,NeurIPS 2018 - Thirty-second Conference on Neural Information Processing Systems,2018-12-02
"Oualid Zari,Chuan Xu,Giovanni Neglia",2021-12-14,,NeurIPS PriML 2021 - workshop Privacy in Machine Learning,2021-12-14
"Quentin Bouniot,Ievgen Redko,Romaric Audigier,Angelique Loesch,Amaury Habrard",2020-12-06,,NeurIPS 2020 - 34th Neural Information Processing Systems,2020-12-06
"Evgenii Chzhen,Christophe Giraud,Gilles Stoltz",2021,Advances in Neural Information Processing Systems,35th Conference on Neural Information Processing Systems (NeurIPS 2021),2021
"Andrei Kulunchakov,Julien Mairal",2019-12-08,,NeurIPS 2019 - Thirty-third Conference Neural Information Processing Systems,2019-12-08
"Taylor Mordan,Nicolas Thome,Gilles Henaff,Matthieu Cord",2018-12-02,,32nd Conference on Neural Information Processing Systems (NeurIPS),2018-12-02
"Federica Granese,Marco Romanelli,Daniele Gorla,Catuscia Palamidessi,Pablo Piantanida",2021,,Advances in Neural Information Processing Systems (NeurIPS),2021
Gergely Neu,2015-12-12,,Advances on Neural Information Processing Systems 28 (NIPS 2015),2015-12-12
Francis Bach,2018-12-03,,NIPS 2018 : Thirty-second Annual Conference on Neural Information Processing Systems,2018-12-03
"Sophie Giffard-Roisin,Mo Yang,Guillaume Charpiat,Balázs Kégl,Claire Monteleoni",2018-12-07,,Modeling and decision-making in the spatiotemporal domain NIPS workhop,2018-12-07
"Sylvain Gelly,Yizao Wang",2006-12-08,,NIPS: Neural Information Processing Systems Conference On-line trading of Exploration and Exploitation Workshop,2006-12-08
"Alberto Bietti,Julien Mairal",2017-12-04,,NIPS 2017 - Advances in Neural Information Processing Systems,2017-12-04
"Rohit Babbar,Ioannis Partalas,Eric Gaussier,Massih-Reza Amini",2013-12-05,,27th Annual Conference on Neural Information Processing Systems (NIPS 26),2013-12-05
"Xavier Hinaut,Johannes Twiefel,Maxime Petit,Peter Dominey,Stefan Wermter",2015-12-11,,Proceedings of the NIPS Workshop on Cognitive Computation: Integrating Neural and Symbolic Approaches (CoCo 2015),2015-12-11
"Marc Gorriz Blanch,Xavier Giro I Nieto,Axel Carlier,Emmanuel Faure",2017-12-08,,31st Conference on Machine Learning for Health:  Workshop at NIPS 2017 (ML4H 2017),2017-12-08
"Antoine Bureau,Michèle Sebag",2014-12-08,,"Autonomously Learning Robots, at NIPS 2014",2014-12-08
"Basile Mayeur,Riad Akrour,Michèle Sebag",2014-12-12,,"Autonomously Learning Robots, workshop at NIPS 2014",2014-12-12
"Michael Guerzhoy,Aaron Hertzmann",2012-12-07,,"NIPS Wokshop on Social Network and Social Media Analysis: Methods, Models and Applications",2012-12-07
"Pritish Mohapatra,C. V. Jawahar,M. Pawan Kumar",2014,,NIPS - Advances in Neural Information Processing Systems,2014
"Sébastien Gerchinovitz,Tor Lattimore",2016-12-05,,NIPS 2016,2016-12-05
"Alberto Bietti,Julien Mairal",2017-12-04,,NIPS 2017 - 31st Conference on  Advances in Neural Information Processing Systems,2017-12-04
"Odalric-Ambrym Maillard,Rémi Munos",2009-12-08,,NIPS 2009,2009-12-08
"Victor Estrade,Cécile Germain,Isabelle Guyon,David Rousseau",2017-12-08,,NIPS 2017 - workshop Deep Learning for Physical Sciences,2017-12-08
Julien Mairal,2013-12-05,,NIPS 2013 - Advances in Neural Information Processing Systems,2013-12-05
"Hanlin Goh,Nicolas Thome,Matthieu Cord",2010-12-10,,NIPS 2010 Workshop on Deep Learning and Unsupervised Feature Learning,2010-12-10
"Paul Lagrée,Claire Vernade,Olivier Cappé",2016-01-05,,Neural Information Processing Systems (NIPS),2016-01-05
"Damien Follet,Nicolas Delestre,Nicolas Malandain,Laurent Vercouter",2013-12-10,,"NIPS 2013, Workshop Data Driven Education",2013-12-10
"Mickaël Chen,Ludovic Denoyer,Thierry Artières",2018-04-30,,6th International Conference on Learning Representations (ICLR 2018),2018-04-30
"Ahmed Akakzia,Cédric Colas,Pierre-Yves Oudeyer,Mohamed Chetouani,Olivier Sigaud",2021-05-04,,ICLR 2021 - Ninth International Conference on Learning Representation,2021-05-04
"Louis Thiry,Michael Arbel,Eugene Belilovsky,Edouard Oyallon",2021,,International Conference on Learning Representation (ICLR 2021),2021
"Anuvabh Dutt,Georges Quénot,Denis Pellerin",2018-04-30,,ICLR 2018 - 6th International Conference on Learning Representations - Workshop Track,2018-04-30
"Mandar Chandorkar,Cyril Furtlehner,Bala Poduval,Enrico Camporeale,Michèle Sebag",2020-04-26,,ICLR 2020 - 8th International Conference on Learning Representations,2020-04-26
"Adrià Ruiz,Oriol Martinez,Xavier Binefa,Jakob Verbeek",2019-05-06,,ICLR workshop on Learning from Limited Labeled Data,2019-05-06
"Rémi Leblond,Jean-Baptiste Alayrac,Anton Osokin,Simon Lacoste-Julien",2018-04-30,,ICLR 2018 : 6th International Conference on Learning Representations,2018-04-30
"Felix Biggs,Benjamin Guedj",2022-03-28,,AISTATS 2022 - 25th International Conference on Artificial Intelligence and Statistics,2022-03-28
"Badr-Eddine Chérief-Abdellatif,Yuyang Shi,Arnaud Doucet,Benjamin Guedj",2022-03-28,,25th International Conference on Artificial Intelligence and Statistics (AISTATS) 2022,2022-03-28
"Grégoire Mialon,Alexandre d'Aspremont,Julien Mairal",2020-08-26,,AISTATS 2020 - 23rd International Conference on Artificial Intelligence and Statistics,2020-08-26
"Ulysse Marteau-Ferey,Francis Bach,Alessandro Rudi",2022-03-28,,AISTATS 2022 - 25th International Conference on Artificial Intelligence and Statistics,2022-03-28
"Alexandre Défossez,Francis Bach",2015,,"International Conference on Artificial Intelligence and Statistics (AISTATS),",2015
"Alexandre Hollocou,Thomas Bonald,Marc Lelarge",2019-04-16,,AISTATS 2019 - 22nd International Conference on Artificial Intelligence and Statistics,2019-04-16
"Valentina Zantedeschi,Aurélien Bellet,Marc Tommasi",2020-08-26,,AISTATS 2020 - The 23rd International Conference on Artificial Intelligence and Statistics,2020-08-26
"Robin Vogel,Aurélien Bellet,Stéphan Clémençon",2021,,AISTATS 2021 - 24th International Conference on Artificial Intelligence and Statistics,2021
"James Bell,Aurélien Bellet,Adrià Gascón,Tejas Kulkarni",2020-08-26,,AISTATS 2020 - 23rd International Conference on Artificial Intelligence and Statistics,2020-08-26
"Clémence Réda,Emilie Kaufmann,Andrée Delahaye-Duriez",2021,,Proceedings of the 24th International Conference on Artificial Intelligence and Statistics (AISTATS),2021
"Igor Colin,Aurélien Bellet,Joseph Salmon,Stéphan Clémençon",2016-06-19,,International Conference on Machine Learning (ICML 2016),2016-06-19
"Guillaume Gautier,R. Bardenet,Michal Valko",2019-06-14,,NEGDEPML 2019 - ICML Workshop on Negative Dependence in ML,2019-06-14
"Hadrien Glaude,Olivier Pietquin",2016-06-19,,International Conference on Machine Learning (ICML 2016),2016-06-19
"Pascal Germain,Amaury Habrard,François Laviolette,Emilie Morvant",2016-06-19,,33rd International Conference on Machine Learning (ICML 2016),2016-06-19
"Vivien Cabannes,Alessandro Rudi,Francis Bach",2020-07-13,,ICML 2020 - 37th International Conference on Machine Learning,2020-07-13
"Robin Vogel,Aurélien Bellet,Stéphan Clémençon",2018,,International Conference on Machine Learning (ICML 2018),2018
"Cédric Colas,Pierre Fournier,Olivier Sigaud,Mohamed Chetouani,Pierre-Yves Oudeyer",2019-06-09,,ICML 2019 - Thirty-sixth International Conference on Machine Learning,2019-06-09
"Mathieu Serrurier,Henri Prade",2015-07-06,,32nd International Conference on Machine Learning (ICML 2015),2015-07-06
"Muhammet Balcilar,Pierre Héroux,Benoit Gaüzère,Pascal Vasseur,Sébastien Adam,Paul Honeine",2021-07-18,,Proceedings of the 38th International Conference on Machine Learning (ICML),2021-07-18
"Balcilar Muhammet,Renton Guillaume,Héroux Pierre,Gaüzère Benoit,Adam Sébastien,Paul Honeine",2020-07-12,,Thirty-seventh International Conference on Machine Learning (ICML 2020) - Workshop on Graph Representation Learning and Beyond (GRL+ 2020),2020-07-12
"Muhammet Balcilar,Guillaume Renton,Pierre Héroux,Benoit Gaüzère,Sébastien Adam,Paul Honeine",2020-07-12,,Proceedings of Thirty-seventh International Conference on Machine Learning (ICML 2020) - Workshop on Graph Representation Learning and Beyond (GRL+ 2020),2020-07-12
"Eugene Belilovsky,Michael Eickenberg,Edouard Oyallon",2019-06-09,,ICML 2019 - 36th International Conference on Machine Learning,2019-06-09
"Yonathan Efroni,Gal Dalal,Bruno Scherrer,Shie Mannor",2018-07-10,,ICML 2018 - 35th International Conference on Machine Learning,2018-07-10
"Pierre Machart,Thomas Peel,Liva Ralaivola,Sandrine Anthoine,Hervé Glotin",2011-06-28,,International Conference on Machine Learning (ICML'11),2011-06-28
"Manel Tagorti,Bruno Scherrer",2015-07-06,,ICML 2015,2015-07-06
"Bishnu Sarker,Marie-Dominique Devignes,Guy Wolf,Sabeur Aridhi",2021-07-24,,ICML 2021 - Workshop on Computational Biology,2021-07-24
"Hachem Kadri,Mohammad Ghavamzadeh,Philippe Preux",2013-06,,International Conference on Machine Learning (ICML),2013-06
"Gabriel Peyré,Marco Cuturi,Justin Solomon",2016-06-19,,ICML 2016,2016-06-19
"Ekaterina Iakovleva,Jakob Verbeek,Karteek Alahari",2020-07-12,,ICML 2020 - 37th International Conference on Machine Learning,2020-07-12
"Alexandre Sablayrolles,Matthijs Douze,Cordelia Schmid,Hervé Jégou",2020-07-12,,ICML 2020 - Thirty-seventh International Conference on Machine Learning,2020-07-12
"Alberto Bietti,Grégoire Mialon,Dexiong Chen,Julien Mairal",2019-06-10,,ICML 2019 - 36th International Conference on Machine Learning,2019-06-10
"Marta Avalos,Hélène Touchais,Marcela Henríquez-Henríquez",2020-12-07,,ML4H - Machine Learning for Health workshop at NeurIPS 2020,2020-12-07
"Laetitia Chapel,Mokhtar Alaya,Gilles Gasso",2020-12-07,,Advances in Neural Information Processing Systems 33 (NeurIPS 2020),2020-12-07
"Redouane Lguensat,Julien Le Sommer,Sammy Metref,Emmanuel Cosme,Ronan Fablet",2019-12-14,,NeurIPS 2019 : 33rd Conference on Neural Information Processing Systems,2019-12-14
"Aadirupa Saha,Pierre Gaillard",2021-12-06,,NeurIPS 2021 - 35th International Conference on Neural Information Processing Systems,2021-12-06
"Luigi Gresele,Giancarlo Fissore,Adrián Javaloy,Bernhard Schölkopf,Aapo Hyvärinen",2020-12-06,,NeurIPS 2020 - 34h Conference on Neural Information Processing Systems,2020-12-06
"Thanh Huy Nguyen,Umut Şimşekli,Mert Gürbüzbalaban,Gael Richard",2019-12-08,,33rd Conference on Neural Information Processing Systems (NeurIPS 2019),2019-12-08
"Tom Dupré La Tour,Thomas Moreau,Mainak Jas,Alexandre Gramfort",2018-12-03,,Advances in Neural Information Processing Systems (NeurIPS),2018-12-03
"Hugo Richard,Pierre Ablin,Bertrand Thirion,Alexandre Gramfort,Aapo Hyvärinen",2021-12-06,,35th Conference on Neural Information Processing Systems NeurIPS 2021,2021-12-06
"Ð.Khuê Lê-Huu,Karteek Alahari",2021-12-06,,NeurIPS 2021 - 35th Annual Conference on Neural Information Processing Systems,2021-12-06
"Aymeric Dieuleveut,Gersende Fort,Eric Moulines,Geneviève Robin",2021-12-06,,NeurIPS 2021 - 35th Conference on Neural Information Processing Systems,2021-12-06
"Antoine Chaffin,Vincent Claveau,Ewa Kijak",2021-12-13,,CtrlGen 2021 - Workshop on Controllable Generative Modeling in Language and Vision at NeurIPS 2021,2021-12-13
"Zhenyu Liao,Romain Couillet,Michael Mahoney",2020-12-06,,NeurIPS 2020 - 34th Conference on Neural Information Processing Systems,2020-12-06
"Théo Bodrito,Alexandre Zouaoui,Jocelyn Chanussot,Julien Mairal",2021-12-06,,NeurIPS 2021 – 35th Annual Conference on Neural Information Processing Systems,2021-12-06
"Zakaria Mhammedi,Benjamin Guedj,Robert Williamson",2020-12-06,,NeurIPS 2020,2020-12-06
"Nino Vieillard,Tadashi Kozuno,Bruno Scherrer,Olivier Pietquin,Rémi Munos,Matthieu Geist",2020-12-06,,NeurIPS - 34th Conference on Neural Information Processing Systems,2020-12-06
"Elias Ramzi,Nicolas Thome,Clément Rambour,Nicolas Audebert,Xavier Bitot",2021-12-06,,Thirty-fifth Conference on Neural Information Processing Systems (NeurIPS 2021),2021-12-06
"Bruno Lecouat,Jean Ponce,Julien Mairal",2020-12-06,,NeurIPS '20 - 34th International Conference on Neural Information Processing Systems,2020-12-06
"Loucas Pillaud-Vivien,Alessandro Rudi,Francis Bach",2018-12-02,,Neural Information Processing Systems (NeurIPS),2018-12-02
"Hadi Daneshmand,Amir Joudaki,Francis Bach",2021-12-06,,NeurIPS 2021 - 35th Conference on Neural Information Processing Systems,2021-12-06
"Oumayma Bounou,Jean Ponce,Justin Carpentier",2021-12-06,,NeurIPS 2021 - Thirty-fifth Conference on Neural Information Processing Systems Year,2021-12-06
"Yannis Flet-Berliac,Philippe Preux",2019-12-08,,"Deep Reinforcement Learning Workshop, NeurIPS",2019-12-08
"Jean Tarbouriech,Matteo Pirotta,Michal Valko,Alessandro Lazaric",2021-12-06,,Neural Information Processing Systems (NeurIPS),2021-12-06
"Jean Tarbouriech,Runlong Zhou,Simon Du,Matteo Pirotta,Michal Valko,Alessandro Lazaric",2021-12-06,,Neural Information Processing Systems (NeurIPS),2021-12-06
"Yoan Russac,Claire Vernade,Olivier Cappé",2019-12-08,,NeurIPS 2019 - 33rd Conference on Neural Information Processing Systems,2019-12-08
"Florian Strub,Jérémie Mary",2015-12,,NIPS Workshop on Machine Learning for eCommerce,2015-12
"Frédéric Guillou,Romaric Gaudel,Philippe Preux",2015-12-11,,NIPS'15 Workshop: Machine Learning for eCommerce,2015-12-11
"Marta Avalos Fernandez,Richard Nock,Cheng Ong,Julien Rouar,Ke Sun",2018-12-03,,NIPS 2018 - Thirty-second Conference on Neural Information Processing Systems,2018-12-03
"Yin Chen,Arnak S. Dalalyan",2012-12-03,,Neural Information Processing Systems (NIPS 2012),2012-12-03
"Nicolas Le Roux,Mark Schmidt,Francis Bach",2012,,NIPS'12 - 26 th Annual Conference on Neural Information Processing Systems (2012),2012
"Alexandre Hollocou,Julien Maudet,Thomas Bonald,Marc Lelarge",2017-12-04,,NIPS 2017 - Wokshop on Advances in Modeling and Learning Interactions from Complex Data,2017-12-04
"Damien Garreau,Rémi Lajugie,Sylvain Arlot,Francis Bach",2014-12-16,,Advances in Neural Information Processing Systems 27 (NIPS 2014),2014-12-16
"David Rousseau,Sabrina Amrouche,Paolo Calafiura,Victor Estrade,Steven Farrell,Cécile Germain,Vladimir Gligorov,Tobias Golling,Heather Gray,Isabelle Guyon,Mikhail Hushchyn,Vincenzo Innocente,Moritz Kiehn,Andreas Salzburger,Andrey Ustyuzhanin,Jean-Roch Vlimant,Yetkin Yilmaz",2018-12-03,,NIPS 2018 - 32nd Annual Conference on Neural Information Processing Systems,2018-12-03
"Nicolò Cesa-Bianchi,Claudio Gentile,Gabor Lugosi,Gergely Neu",2017-12-04,,NIPS 2017 - 31st Annual Conference on Neural Information Processing Systems,2017-12-04
"Fabio Vitale,Nikos Parotsidis,Claudio Gentile",2018-12-03,,NIPS 2018 - 32nd Conference on Neural Information Processing Systems,2018-12-03
"James Bergstra,R. Bardenet,Yoshua Bengio,Balázs Kégl",2011-12-12,,25th Annual Conference on Neural Information Processing Systems (NIPS 2011),2011-12-12
"Pierre Machart,Luca Baldassarre,Sandrine Anthoine",2012-12-07,,Multi-Trade-offs in Machine Learning (NIPS),2012-12-07
"Elvis Dohmatob,Arthur Mensch,Gaël Varoquaux,Bertrand Thirion",2016-12-05,,Neural Information Processing Systems (NIPS),2016-12-05
"Marta Soare,Alessandro Lazaric,Rémi Munos",2014-12-08,,NIPS - Advances in Neural Information Processing Systems 27,2014-12-08
"Guillaume Papa,Stéphan Clémençon,Aurélien Bellet",2016-12-05,,Annual Conference on Neural Information Processing Systems (NIPS 2016),2016-12-05
"Igor Colin,Aurélien Bellet,Joseph Salmon,Stéphan Clémençon",2015-12-07,,Annual Conference on Neural Information Processing Systems (NIPS),2015-12-07
"Guillaume Papa,Stéphan Clémençon,Aurélien Bellet",2015-12-07,,Annual Conference on Neural Information Processing Systems (NIPS),2015-12-07
"Sertan Girgin,Jérémie Mary,Philippe Preux,Olivier Nicol",2010-12-10,,NIPS workshop on Machine Learning in Online ADvertising,2010-12-10
"Daniil Ryabko,Jérémie Mary",2012-12,,NIPS,2012-12
"Niao He,Zaid Harchaoui",2015-12-07,,NIPS - Advances in Neural Information Processing Systems,2015-12-07
"Fabian Pedregosa,Rémi Leblond,Simon Lacoste-Julien",2017-12-04,,NIPS 2017 - Thirty-First Annual Conference on Neural Information Processing Systems,2017-12-04
"Tatiana Shpakova,Francis Bach",2016-12-05,,NIPS 2016 - Thirtieth Annual Conference on Neural Information Processing System,2016-12-05
"Anastasia Podosinnikova,Francis Bach,Simon Lacoste-Julien",2015-12-07,,NIPS 2015 - Advances in Neural Information Processing Systems 28,2015-12-07
"Palaniappan Balamurugan,Francis Bach",2016-12-05,,Neural Information Processing Systems (NIPS),2016-12-05
"Edouard Grave,Guillaume Obozinski,Francis Bach",2012,,Neural Information Processing Systems (NIPS),2012
"Mark Schmidt,Nicolas Le Roux,Francis Bach",2011-12-12,,NIPS'11 - 25 th Annual Conference on Neural Information Processing Systems,2011-12-12
"Nicolas Le Roux,Francis Bach",2013,,ICLR - International Conference on Learning Representations 2013,2013
"Muhammet Balcilar,Renton Guillaume,Pierre Héroux,Benoit Gaüzère,Sébastien Adam,Paul Honeine",2021-05-04,,Proceedings of the International Conference on Learning Representations (ICLR),2021-05-04
"Grégoire Mialon,Dexiong Chen,Alexandre d'Aspremont,Julien Mairal",2021-05-04,,ICLR 2021 - The Ninth International Conference on Learning Representations,2021-05-04
"Alberto Bietti,Francis Bach",2021-05-03,,ICLR 2021 - International Conference on Learning Representations,2021-05-03
"Zaccharie Ramzi,Florian Mannel,Shaojie Bai,Jean-Luc Starck,Philippe Ciuciu,Thomas Moreau",2022-04-25,,ICLR 2022 - International Conference on Learning Representations,2022-04-25
"David Buchman,Mark Schmidt,Shakir Mohamed,David Poole,Nando de Freitas",2012-04-21,,AISTATS 2012 - 15th International Conference on Artificial Intelligence and Statistics,2012-04-21
"Vincent Cohen-Addad,Benjamin Guedj,Varun Kanade,Guy Rom",2021-04-13,,AISTATS 2021 - The 24th International Conference on Artificial Intelligence and Statistics,2021-04-13
"Simon Lacoste-Julien,Fredrik Lindsten,Francis Bach",2015-05-09,,18th International Conference on Artificial Intelligence and Statistics (AISTATS),2015-05-09
"Julien Perolat,Bruno Scherrer,Bilal Piot,Olivier Pietquin",2015-07-06,,International Conference on Machine Learning (ICML 2015),2015-07-06
"Thomas Lucas,Corentin Tallec,Jakob Verbeek,Yann Ollivier",2018-07-10,,ICML - 35th International Conference on Machine Learning,2018-07-10
"Julien Pérolat,Bilal Piot,Matthieu Geist,Bruno Scherrer,Olivier Pietquin",2016-06-19,,ICML 2016 - 33rd International  Conference  on  Machine Learning,2016-06-19
"Boris Lesner,Bruno Scherrer",2015-07-06,,ICML 2015,2015-07-06
"Camille-Sovanneary Gauthier,Romaric Gaudel,Elisa Fromont,Boammani Lompo",2021-07-18,,ICML 2021 - International Conference on Machine Learning,2021-07-18
"Matthieu Lerasle,Zoltán Szabó,Timothée Mathieu,Guillaume Lecué",2019-06-09,,ICML 2019 - 36th International Conference on Machine Learning,2019-06-09
"Charles-Alban Deledalle,Samuel Vaiter,Gabriel Peyré,Jalal M. Fadili,Charles Dossal",2012-06-30,,"ICML'2012 workshop on Sparsity, Dictionaries and Projections in Machine Learning and Signal Processing",2012-06-30
"Camille Garcin,Alexis Joly,Pierre Bonnet,Jean-Christophe Lombardo,Antoine Affouard,Mathias Chouet,Maximilien Servajean,Titouan Lorieul,Joseph Salmon",2021-12-06,,NeurIPS 2021 - 35th Conference on Neural Information Processing Systems,2021-12-06
"Rémi Jézéquel,Pierre Gaillard,Alessandro Rudi",2021-12-06,,NeurIPS 2021. Thirty-fifth Conference on Neural Information Processing Systems,2021-12-06
"Gersende Fort,Eric Moulines,Hoi-To Wai",2020-12-06,,NeurIPS 2020 - 34th Conference on Neural Information Processing Systems,2020-12-06
"Gaël Letarte,Pascal Germain,Benjamin Guedj,François Laviolette",2019-12-08,,NeurIPS 2019 - Thirty-third Conference on Neural Information Processing Systems,2019-12-08
"Zakaria Mhammedi,Peter Grünwald,Benjamin Guedj",2019-12-09,,NeurIPS 2019,2019-12-09
"Guillaume Gautier,Rémi Bardenet,Michal Valko",2019-06-14,,NeurIPS 2019 - Thirty-third Conference on Neural Information Processing Systems,2019-06-14
"Gianni Franchi,Andrei Bursuc,Emanuel Aldea,Séverine Dubuisson,Isabelle Bloch",2020-12-06,,NeurIPS workshop on Bayesian Deep Learning,2020-12-06
"Gianni Franchi,Andrei Bursuc,Emanuel Aldea,Séverine Dubuisson,Isabelle Bloch",2020-12-10,,NeurIPS workshop on Bayesian Deep Learning,2020-12-10
"Maria Perez-Ortiz,Omar Rivasplata,Emilio Parrado-Hernandez,Benjamin Guedj,John Shawe-Taylor",2021-12-06,,NeurIPS 2021 - Conference on Neural Information Processing Systems. Session Workshop : Bayesian Deep Learning,2021-12-06
"Valentina Zantedeschi,Paul Viallard,Emilie Morvant,Rémi Emonet,Amaury Habrard,Pascal Germain,Benjamin Guedj",2021,,NeurIPS,2021
"Raphaël Berthier,Francis Bach,Pierre Gaillard",2020-12-06,,NeurIPS '20 - 34th International Conference on Neural Information Processing Systems,2020-12-06
"Alessandro Rudi,Daniele Calandriello,Luigi Carratino,Lorenzo Rosasco",2018-12-02,,NeurIPS 2018  - Thirty-second Conference on Neural Information Processing Systems,2018-12-02
"Ulysse Marteau-Ferey,Francis Bach,Alessandro Rudi",2019-12-08,,NeurIPS 2019 - Conference on Neural Information Processing Systems,2019-12-08
"Edouard Leurent,Denis Efimov,Odalric-Ambrym Maillard",2020-12-06,,NeurIPS 2020 - 34th Conference on Neural Information Processing Systems,2020-12-06
"Zaccharie Ramzi,Benjamin Rémy,Francois Lanusse,Jean-Luc Starck,Philippe Ciuciu",2020-12-06,,NeurIPS 2020 - 34th Conference on Neural Information Processing Systems / Workshop on Deep Learning and Inverse Problems,2020-12-06
"Benjamin Rémy,Francois Lanusse,Zaccharie Ramzi,Jia Liu,Niall Jeffrey,Jean-Luc Starck",2020-12-06,,NeurIPS 2020 - 3rd Workshop on Machine Learning and the Physical Sciences,2020-12-06
"Aurélien Garivier,Emilie Kaufmann,Tor Lattimore",2016-12-05,,NIPS,2016-12-05
"Jean-Bernard Lasserre,Edouard Pauwels",2016-12-05,,Neural Information Processing Systems (NIPS 2016),2016-12-05
Francis Bach,2010,,NIPS 2010 : Twenty-Fourth Annual Conference on Neural Information Processing Systems,2010
"Edouard Grave,Guillaume Obozinski,Francis Bach",2013-12-10,,New Directions in Transfer and Multi-Task: Learning Across Domains and Tasks (NIPS Workshop),2013-12-10
"Giulia Luise,Alessandro Rudi,Massimiliano Pontil,Carlo Ciliberto",2018-12-02,,NIPS 2018 - Advances in Neural Information Processing Systems,2018-12-02
"Jakob Verbeek,William Triggs",2007-12-03,,NIPS 2007 - Advances in Neural Information Processing Systems,2007-12-03
"François Denis,Amaury Habrard,Rémi Gilleron,Marc Tommasi,Édouard Gilbert",2007-12-08,,NIPS Workshop on Representations and Inference on Probability Distributions,2007-12-08
"Victor Gabillon,Mohammad Ghavamzadeh,Bruno Scherrer",2013-12-05,,Neural Information Processing Systems (NIPS) 2013,2013-12-05
"Charanpal Dhanjal,Romaric Gaudel,Stéphan Clémençon",2011-12-16,,DISCML - 3rd NIPS Workshop on Discrete Optimization in Machine Learning - 2011,2011-12-16
"Alessandro Rudi,Carlo Ciliberto,Gian Maria Marconi,Lorenzo Rosasco",2018-12-02,,NIPS 2018 - Neural Information Processing Systems Conference,2018-12-02
"Nicolò Cesa-Bianchi,Pierre Gaillard,Gabor Lugosi,Gilles Stoltz",2012-12-03,,NIPS 2012,2012-12-03
"Pascal Germain,Francis Bach,Alexandre Lacoste,Simon Lacoste-Julien",2016-12-05,,Neural Information Processing Systems (NIPS 2016),2016-12-05
"Nguyen Thanh Hai,Yann Chevaleyre,Edi Prifti,Nataliya Sokolovska,Jean-Daniel Zucker",2017-12-08,,NIPS 2017 Workshop on Machine Learning for Health,2017-12-08
"Antoine Liutkus,Ondřej Cífka,Shih-Lun Wu,Umut Şimşekli,Yi-Hsuan Yang,Gael Richard",2021-07-18,,ICML 2021 - 38th International Conference on Machine Learning,2021-07-18
"Maxime Janvier,Radu Horaud,Laurent Girin,Frédéric Berthommier,Louis-Jean Boë,Caralyn Kemp,Arnaud Rey,Thierry Legou",2013-12-10,,Workshop: Neural Information Processing Scaled for Bioacoustics : NIPS4B,2013-12-10
"Alexandre Défossez,Neil Zeghidour,Nicolas Usunier,Léon Bottou,Francis Bach",2018-12-02,,Conference on Neural Information Processing Systems (NIPS),2018-12-02
"Aude Genevay,Marco Cuturi,Gabriel Peyré,Francis Bach",2016-12-05,,NIPS 2016 - Thirtieth Annual Conference on Neural Information Processing System,2016-12-05
"Hachem Kadri,Alain Rakotomamonjy,Francis Bach,Philippe Preux",2012-12,,Neural Information Processing Systems (NIPS),2012-12
